posturl,comment_count,caption
https://www.instagram.com/p/C8FTcH-IFrJ/,120729,"I am 18 years old. Dive into the world of Forex trading and witness the transformative power it holds. From financial freedom to endless opportunities, discover how Forex can change your life. üíºüíπ #ForexTransformation #FinancialFreedom #LifeChangingOpportunities #millionairemindset #richkidsofinstagram #richlifestyle #topgarchit #real #motivationalspeaker #motivation #viralreels"
https://www.instagram.com/p/Ch2n4t5s77U/,0,"ü§ç Cars don't betray, More on my reels >>>"
https://www.instagram.com/p/C8KerN0oz6U/,44471,"Trading can be a game-changer, transforming dreams into reality and paving the way for financial freedom. Ready to take control of your future? Follow me for tips, insights, and strategies to succeed in the world of trading! üöÄ #TradingLife #FinancialFreedom #LifeChangingOpportunities #millionairemindset #richkidsofinstagram #richlifestyle #topgarchit #real #motivationalspeaker #motivation #viralreels"
https://www.instagram.com/p/DJUZWrpsCg0/,0,"Join The Millionaire Project now ! Link in the story.
.
.
.
#millionaire #richlifestyle"
https://www.instagram.com/p/DIrN8nDIMIT/,1649,"Looks like I am back üëá
This time far more dangerous.
The blast is incoming.
.
.
.
#entrepreneur #millionairemindset #motivationalspeaker #topgarchit #viralreels #real"
https://www.instagram.com/p/DF28Wo4SrhM/,2711,"Time to grind üëá
Comment ‚Äúlearn‚Äù and unleash your potential before it‚Äôs too late.
#trending #viral #viralreels #motivation #millionaire #architkedia #success"
https://www.instagram.com/p/DFuGDS7snYv/,444,"It‚Äôs about the mindset and the way you plan your life. Nothing else. Stress, Pain, Anxiety is delusional. I was born this way.
.
.
.
#trending #viral #viralreels #motivation #millionaire #axrchit #architreels #architkedia #topgaxrchit #success #forextrading #motivationalquotes #millionairemindset #real #andrewtate"
https://www.instagram.com/p/DFifmJas9F_/,2014,"Someone had to say it ‚¨áÔ∏è

You are all being fooled, Escape the Ratrace comment ‚ÄúForex‚Äù
Join the biggest revolution today. Indian Tax, Indian over crypto and forex is the highest and they will eat all your income, making money online is the only way out from this rat race.
.
.
#cryptotrading #cryptocurrency #crypto #trending #viral #viralreels #motivation #millionaire #axrchit #architreels #architkedia #topgarchit #success #forextrading"
https://www.instagram.com/p/DFVStxlSA9n/,1310,"Comment ‚ÄúLearn‚Äù Do what you are passionate about ü•± 
.
.
.
Wake up. Words by Andrew on this one
#trending #viral #viralreels #motivation #millionaire #axrchit #architreels #architkedia #topgarchit #success #forextrading"
https://www.instagram.com/p/DFGDcI-SMVJ/,628,"Sell. Be awake and aware of the current technology and business style. Lastly, Adapt. 
.
.
.
Keywords:
SelfDevelopment, Personal Brand, Mindset,
Productivity, Focus, LifeGoals,
IndianWisdomSuccessMindset,
InnerPeaceMentalWellness,
ConfidenceBoostAchieveYour Dreams, Life lessons
self love, Motivational speakerIndianMotivation,
GrowthMindsetFinanceGuru,
MindsetMattersIndianMotivator, Indian Entrepreneur,
Karma PositivityMind Body Balance, Indian Millennial,
Productivity Hacks India, Financial Freedom
Journey, EducationForAll,
SelfLoveJourneyFinancialLiteracy,
MoneyMindsetProfessionalGrowth, Consistency
Matters, Little growth over no growth
Tags:

#SuccessMindset #InnerPeace #andrewtate #millionairemindset #richlifestyle #trending #viral #viralreels #motivation #millionaire #axrchit #architreels #architkedia #toparchit #success #forextrading #millionairelifestyle"
https://www.instagram.com/p/DFA9ScKs_ug/,293,"And you were correct all the time.
Time is precious, Take the risk and make that god damn money that you deserve.
#trending #viral #viralreels #motivation #millionaire #axrchit #architreels #architkedia #toogarchit #success #forextrading #motivationalquotes #millionairemindset #real"
https://www.instagram.com/p/DE5N0WxsIWH/,1413,"Why? India wants to know. 
Comment ‚Äúlearn‚Äù
#tax #trending #viral #viralreels #motivation #millionaire #axrchit #architreels #architkedia #toogarchit #success #forextrading #millionairelifestyle"
https://www.instagram.com/p/DEjMDc_RInW/,373,"It‚Äôs the matter of Mind not the alarm.
If just before sleeping you want to wake up early as bad as you want to live the dream life. You will wake up.
Think.
#mindset #mindsetmatters #motivational #motivation #foryou #trending #viral #viralreels #motivation #millionaire #axrchit #architreels #architkedia #topgarchit #success #forextrading"
https://www.instagram.com/p/DEaQkjdsrDj/,1290,"Still think you‚Äôre doing everything right ?
#trending #viral #viralreels #motivation #millionaire #axrchit #architreels #architkedia #toogarchit #success #forextrading"
https://www.instagram.com/p/DECw8gqMYrO/,749,"Wake up. Or it‚Äôll be late.
#trending #viral #viralreels #motivation #millionaire #axrchit #architreels #architkedia #toogarchit #success #forextrading"
https://www.instagram.com/p/DD69L4hMAqi/,180,"I was wearing t-shirt and joggers at 15,000 Ft. What a trip it has been! In Gantok I was wearing shorts the entire time. Building strength and endurance is what a man should be about. Aesthetics can be made inside 4 walls. Keep grinding.
 #ForexTransformation #FinancialFreedom #LifeChangingOpportunities #millionairemindset #richkidsofinstagram #richlifestyle #topgarchit #real #motivationalspeaker #motivation #viralreels #fyp #relatable #architkedia #axrchit"
https://www.instagram.com/p/DDuFB9_JPPt/,1050,"Honoured. Today I was at Natu La, Pass of the Listening Ear, 

Located on Top of the World, On The Indo-China Border, Along 
the Old Silk Route. Also I visited wearing Crocs. 

I was in the Conference hall where all the presidential meetings between PM Modi and the PM of china have their meetings 8 times a year. Four in India and four in china.

I was gifted with these frames specially made ! Whatever is between India and China isn‚Äôt really the point here.. the point is that we are just a small cog of a huge wheel, You should work on yourself hard enough to be enjoying life with power and status.

‚ÄòWhat is a lifetime Adventure for you is a Daily Routine for us‚Äô this is what‚Äôs written on the frames. And that‚Äôs what the truth is 

Tags:
special thanks to My Masi Shruti and Major Devansh Mishra.
#travel #sikkim #axrchit #indiantopg #topgofindia #architkedia #millionaire #millionairelifestyle #richlife #foryoupage #foryou #india #viral #explorepage"
https://www.instagram.com/p/DDmiPafSVrt/,91,"I am a G by the blood and tears I have shed. Not by choice
.
.
.
#fyp #axrchit #topgarchit"
https://www.instagram.com/p/DDZrliRsLev/,576,"It‚Äôs only possible if you know the fact that a Retail Trader from japan turned $307 dollars into $150M in the span of 8 years from his bedroom. But you are too busy in proving me wrong! You know why? Because you are poor. And so is everyone that thinks success is not achievable at a young age. Like literally!!! There is a large contingent of people out there that believe success is a fu**ing  sc*m. Grow up and think.‚Ä¶ people that become influencers aren‚Äôt here to influence they are here to learn struggle and sell you the teachings for something that they are still beginners at! They haven‚Äôt even tasted what real wealth is and are motivating you ? With their pity explanations to everything big people do ! Wake up. 
.
.
Keywords:
SelfDevelopment, Personal Brand, Mindset,
Productivity, Focus, LifeGoals,
IndianWisdomSuccessMindset,
InnerPeaceMentalWellness,
ConfidenceBoostAchieveYour Dreams, Life lessons
self love, Motivational speakerIndianMotivation,
GrowthMindsetFinanceGuru,
MindsetMattersIndianMotivator, Indian Entrepreneur,
Karma PositivityMind Body Balance, Indian Millennial,
Productivity Hacks India, Financial Freedom
Journey, EducationForAll,
SelfLoveJourneyFinancialLiteracy,
MoneyMindsetProfessionalGrowth, Consistency
Matters, Little growth over no growth
#forextrading #gbpjpy #indianreels #youthempowerment #successquotes #successmindset #successful #millionairemindset #traders #forextradingtips #forextrader #cryptotrading #architkedia #topgarchit #indintopg #axrchit #millionaire #winningmindset #financialfreedom #paisa #fyp #viral"
https://www.instagram.com/p/DDMPsO8Mq9T/,279,"Who wants a ride ? 
.
.
.
.
.
Keywords:
SelfDevelopment, Personal Brand, Mindset,
Productivity, Focus, LifeGoals,
IndianWisdomSuccessMindset,
InnerPeaceMentalWellness,
ConfidenceBoostAchieveYour Dreams, Life lessons
self love, Motivational speakerIndianMotivation,
GrowthMindsetFinanceGuru,
MindsetMattersIndianMotivator, Indian Entrepreneur,
Karma PositivityMind Body Balance, Indian Millennial,
Productivity Hacks India, Financial Freedom
Journey, EducationForAll,
SelfLoveJourneyFinancialLiteracy,
MoneyMindsetProfessionalGrowth, Consistency
Matters, Little growth over no growth
Tags:
#axrchit #architkedia #forextrading #forextrader #cryptotrading #crypto #cryptomillionaire #millionaire #millionairelifestyle #millionairemindset #viralreels #viralvideo #viral #fyp #topgarchit #mercedesmaybach #maybach #indianreels #gls600maybach #carlovers #carsofinstagram #supercars #carswithoutlimits #motivation #motivationalreels #moneymaker"
https://www.instagram.com/p/DDKWvMTM_Yd/,1582,"Reply to my so called expose üòÇ
#scam #forextrading #cryptocurrency #architkedia #axrchit #viral #viralvideos #real #forex #trading #foryou 
.
.
Keywords:
SelfDevelopment, Personal Brand, Mindset,
Productivity, Focus, LifeGoals,
IndianWisdomSuccessMindset,
InnerPeaceMentalWellness,
ConfidenceBoostAchieveYour Dreams, Life lessons
self love, Motivational speakerIndianMotivation,
GrowthMindsetFinanceGuru,
MindsetMattersIndianMotivator, Indian Entrepreneur,
Karma PositivityMind Body Balance, Indian Millennial,
Productivity Hacks India, Financial Freedom
Journey, EducationForAll,
SelfLoveJourneyFinancialLiteracy,
MoneyMindsetProfessionalGrowth, Consistency
Matters, Little growth over no growth
Tags:
#Mindset
#PersonalGrowth #DailyMotivation #Mindfulness #Selfimprovement #SelfDevelopment #LifeGoals #IndianWisdom #SuccessMindset #innerpeace #millionairemindset #richlifestyle #topgarchit #real #motivationalspeaker #motivation #"
https://www.instagram.com/p/DDFYz8bMbTm/,795,"Random Monday shopping spree. I probably own 1 Lakh worth of crocs now üòÜ
New Wheels will start dropping soon enough. 
#shopping 
.
.
.
.
.
.
Keywords:
SelfDevelopment, Personal Brand, Mindset,
Productivity, Focus, LifeGoals,
IndianWisdomSuccessMindset,
InnerPeaceMentalWellness,
ConfidenceBoostAchieveYour Dreams, Life lessons
self love, Motivational speakerIndianMotivation,
GrowthMindsetFinanceGuru,
MindsetMattersIndianMotivator, Indian Entrepreneur,
Karma PositivityMind Body Balance, Indian Millennial,
Productivity Hacks India, Financial Freedom
Journey, EducationForAll,
SelfLoveJourneyFinancialLiteracy,
MoneyMindsetProfessionalGrowth, Consistency
Matters, Little growth over no growth
Tags:
#Indianinspiration #Mindset
#PersonalGrowth #DailyMotivation #Mindfulness #Selfimprovement #GoalSetting #PositiveThinking #SelfDevelopment #LifeGoals #IndianWisdom #SuccessMindset #InnerPeace #andrewtate #LifeChangingOpportunities #millionairemindset #richlifestyle #topgarchit #real #motivationalspeaker #motivation #viralreels #fyp #relatable #architkedia #axrchit"
https://www.instagram.com/p/DC_1naMMnsv/,1028,"Stay focused and be prepared for what is coming for you..
You will encounter endless pain and challenges in the entrepreneurial journey you are looking forward to have. Be strong and embrace your pain to be a better version of yourself.
.
.
.
 #motivation #improve #selfimprovement #lifechangingseries #trendingreels #follow 
Keywords:
SelfDevelopment, Personal Brand, Mindset,
Productivity, Focus, LifeGoals,
IndianWisdomSuccessMindset,
InnerPeaceMentalWellness,
ConfidenceBoostAchieveYour Dreams, Life lessons
self love, Motivational speakerIndianMotivation,
GrowthMindsetFinanceGuru,
MindsetMattersIndianMotivator, Indian Entrepreneur,
Karma PositivityMind Body Balance, Indian Millennial,
Productivity Hacks India, Financial Freedom
Journey, EducationForAll,
SelfLoveJourneyFinancialLiteracy,
MoneyMindsetProfessionalGrowth, Consistency
Matters, Little growth over no growth
Tags:
#Indianinspiration #Mindset
#PersonalGrowth #DailyMotivation #Mindfulness #Selfimprovement #GoalSetting #PositiveThinking #SelfDevelopment #LifeGoals #IndianWisdom #SuccessMindset #andrewtate #LifeChangingOpportunities #millionairemindset #richlifestyle #topgarchit #real #motivationalspeaker #motivation #viralreels #fyp #relatable #architkedia #axrchit"
https://www.instagram.com/p/DC603qpsK8u/,535,"Christmas is coming. When will you make your loved ones happy ? Do it now. Take action. Enough.
#christmas 
.
.
.
Keywords:
SelfDevelopment, Personal Brand, Mindset,
Productivity, Focus, LifeGoals,
IndianWisdomSuccessMindset,
InnerPeaceMentalWellness,
ConfidenceBoostAchieveYour Dreams, Life lessons
self love, Motivational speakerIndianMotivation,
GrowthMindsetFinanceGuru,
MindsetMattersIndianMotivator, Indian Entrepreneur,
Karma PositivityMind Body Balance, Indian Millennial,
Productivity Hacks India, Financial Freedom
Journey, EducationForAll,
SelfLoveJourneyFinancialLiteracy,
MoneyMindsetProfessionalGrowth, Consistency
Matters, Little growth over no growth
Tags:
#Indianinspiration #Mindset
#PersonalGrowth #DailyMotivation #Mindfulness #Selfimprovement #GoalSetting #PositiveThinking #SelfDevelopment #LifeGoals #IndianWisdom #SuccessMindset #InnerPeace #andrewtate #LifeChangingOpportunities #millionairemindset #richlifestyle #topgarchit #real #motivationalspeaker #motivation #viralreels #fyp #relatable #architkedia #axrchit"
https://www.instagram.com/p/DC4ZzamMnIV/,5958,"I am no ordinary man anymore üòä
I have been into a lot of work lately. Multiplying money is my hobby nowadays.
.
.
.
.
Keywords:
SelfDevelopment, Personal Brand, Mindset,
Productivity, Focus, LifeGoals,
IndianWisdomSuccessMindset,
InnerPeaceMentalWellness,
ConfidenceBoostAchieveYour Dreams, Life lessons
self love, Motivational speakerIndianMotivation,
GrowthMindsetFinanceGuru,
MindsetMattersIndianMotivator, Indian Entrepreneur,
Karma PositivityMind Body Balance, Indian Millennial,
Productivity Hacks India, Financial Freedom
Journey, EducationForAll,
SelfLoveJourneyFinancialLiteracy,
MoneyMindsetProfessionalGrowth, Consistency
Matters, Little growth over no growth
Tags:
#Indianinspiration #Mindset
#PersonalGrowth #DailyMotivation #Mindfulness #Selfimprovement #GoalSetting #PositiveThinking #SelfDevelopment #LifeGoals #IndianWisdom #SuccessMindset #InnerPeace #andrewtate #LifeChangingOpportunities #millionairemindset #richlifestyle #topgarchit #real #motivationalspeaker #motivation #viralreels #fyp #relatable #architkedia #axrchit"
https://www.instagram.com/p/DCwizeoSvQ0/,493,"THE REALITY Is Painful But beautiful if understood.
Act fast. 2025 is coming.
You have to start focusing towards the goal you have to be a millionaire. The time is limited and so is your age. You don‚Äôt have forever. Be motivated and focused.
Tags:
 #ForexTransformation #FinancialFreedom #LifeChangingOpportunities #millionairemindset #richkidsofinstagram #richlifestyle #topgarchit #real #motivationalspeaker #motivation #viralreels #fyp #relatable #architkedia #axrchit"
https://www.instagram.com/p/DCpHY5DsQNj/,221,"Lovely timepiece gifted by my love @axnjuu üåè
Watches are not only about the brand or price or looks‚Ä¶ it‚Äôs about the story that comes with it. I have always bought one when I wanted to. And i felt a true connection to it. Also making me a true watch enthusiast. @kennethcoletime 
#watchlovers #millionairelifestyle #timepiece #doglife #millionairemindset #selfmade #wifey #topgarchit #architkedia #richlifestyle #richierich #inspiration #motivationalquotes #motivation"
https://www.instagram.com/p/DCmWyWII8Ag/,438,"Stop becoming an enemy to yourself.
Start focusing on your goals.
.
.
.
Keywords:
SelfDevelopment, Personal Brand, Mindset,
Productivity, Focus, LifeGoals,
IndianWisdomSuccessMindset,
InnerPeaceMentalWellness,
ConfidenceBoostAchieveYour Dreams, Life lessons
self love, Motivational speakerIndianMotivation,
GrowthMindsetFinanceGuru,
MindsetMattersIndianMotivator, Indian Entrepreneur,
Karma PositivityMind Body Balance, Indian Millennial,
Productivity Hacks India, Financial Freedom
Journey, EducationForAll,
SelfLoveJourneyFinancialLiteracy,
MoneyMindsetProfessionalGrowth, Consistency
Matters, Little growth over no growth
Tags:
#Indianinspiration #Mindset
#PersonalGrowth #DailyMotivation #Mindfulness #Selfimprovement #GoalSetting #PositiveThinking #SelfDevelopment #LifeGoals #IndianWisdom #SuccessMindset #InnerPeace #andrewtate #LifeChangingOpportunities #millionairemindset #richlifestyle #topgarchit #real #motivationalspeaker #motivation #viralreels #fyp #relatable #architkedia #axrchit"
https://www.instagram.com/p/DCefSCXgED5/,3967,"Ain‚Äôt I scary? Because i spit facts until your ears would ü©∏ 
Check yourself. Don‚Äôt try to be god.
Tags:
 #ForexTransformation #FinancialFreedom #LifeChangingOpportunities #millionairemindset #richkidsofinstagram #richlifestyle #topgarchit #real #motivationalspeaker #motivation #viralreels #fyp #relatable #architkedia #axrchit"
https://www.instagram.com/p/DCWcX_ZM44C/,303,"Fur. 

Time is our most precious, yet most limited, resource. Unlike money, possessions, or even relationships, time is the one thing we can never earn back. Every second that passes is a piece of our lives, a chapter in our story, that we‚Äôll never experience again.

Think about it‚Äîhow often do we spend hours scrolling, stressing, or putting things off? And how often do we forget that each day is a gift? When we truly understand the value of time, we start to see life differently. We stop letting procrastination steal our dreams and regrets cloud our future.

Imagine living each day with purpose, doing things that matter, and cherishing every moment spent with loved ones. Imagine setting goals that inspire you, pursuing passions that light you up, and making memories that fill you with gratitude. Time is the foundation of everything we create and experience.

It‚Äôs a reminder to let go of trivial worries, to forgive quickly, to show appreciation, and to never wait for ‚Äúthe perfect time‚Äù‚Äîbecause that time is now. Value every moment, every second, every heartbeat. Make the most of this incredible journey, one day at a time. I am making tons. You can too‚Ä¶ 
Tags: 
#TimeIsPrecious 
#makeitcount
#architkedia #explorepage #topgarchit #luxury #fur #dog #sword #luxurylifestyle #fame #viral #fyp #fyp„Ç∑ #mindset #winter"
